UserName,Handle,Timestamp,Text,Emojis,Comments,Likes,Retweets
BetÃ¼l hacÄ±ahmetoÄŸlu,@betul_ahmetoglu,2020-10-16T10:52:53.000Z,"DiÄŸer operatÃ¶rlerin iki katÄ± para Ã¶deyip turkcell paketi satÄ±n al sonrada salla kazan kampanyasÄ±ndan bilmem kaÃ§ saatlik 1gb internet versin sana gerÃ§ekten hayal kÄ±rÄ±klÄ±ÄŸÄ±sÄ±nÄ±z,mÃ¼ÅŸterilerinizi kaybetmek iÃ§in elinizden geleni fazlasÄ±yla yapÄ±yorsunuz 
@Turkcell
 #Turkcell",,1,,1
EMRAH PÃœRÃ‡EK,@purcekemrah,2020-10-16T10:11:49.000Z,"Kendine gel Turkcell bÃ¶yle ÅŸeylere alÄ±ÅŸÄ±k deÄŸilim 
 #Turkcell",ğŸ§,,,
Hasan Beykoz,@beykozhasan61,2020-10-16T09:32:19.000Z,"BugÃ¼nden itibaren bende 
@VodafoneTR
 luyum umarÄ±m piÅŸman olmam 8yÄ±llÄ±k mÃ¼ÅŸterini kaybettiÄŸin iÃ§in otur aÄŸla sende 
@Turkcell
 #turkcell #Vodafone",,,,
Mehmet SEÃ‡KÄ°N,@mehmetseckin_,2020-10-16T09:04:23.000Z,#Turkcell premium 1 gb Tv abonesiyim cep telefonumdan iptal edemiyorum. IPTAL PREMIUM1GBTV 2000 mesaj gÃ¶nderiyorum. cevap alamÄ±yorum.,,2,,
KÃ¼bra,@kbrakgul,2020-10-16T08:58:30.000Z,TeÅŸekkÃ¼rler #Turkcell iyi saatlere denk geldik,ğŸ˜€,1,,2
CEVÄ°Z,@Cevizismail,2020-10-16T07:52:43.000Z,"Ã§ocuklarÄ±n uzaktan eÄŸitim Ã§alÄ±ÅŸmalarÄ±nÄ± istismar etmeniz iletiÅŸim hurriyetimizi  ve kiÅŸisel saÄŸlÄ±ÄŸimiza verdiÄŸiniz zararlarda deÄŸerlendirilecektir.abuk sabuk naylon ÅŸirket hÃ¼viyetine donÃ¼ÅŸme Ã§abanizda , mÃ¼ÅŸteri memnuniyeti ve sorgumalarindan kaÃ§manizda takip edilecektir.#Turkcell",,,,
CEVÄ°Z,@Cevizismail,2020-10-16T07:46:16.000Z,"Her platformda hukuk ve iletiÅŸim Ã¶zgÃ¼rlÃ¼ÄŸÃ¼ iÃ§erisinde ilgili denetleyicilere  cimer , asliye hukuk ve tÃ¼keticiyi koruma derneklerine ilgili ÅŸikayet ve konularimiz ,fatura ayrÄ±ntÄ±sÄ± ve 532 Ã§Ã¶zÃ¼m Ã¼retme me merkeziniz iÃ§in vb. yasal haklarÄ±mÄ±z iÃ§in basvurulacaktir. #Turkcell",,,,
CEVÄ°Z,@Cevizismail,2020-10-16T07:39:12.000Z,#Turkcell@aylÄ±k abone faturasÄ± 40 TL olup paket aÅŸÄ±mÄ± 1gb 10 kez izinsiz yukleyip kÄ±sa bir bildirim gÃ¶nderip (3 kez)  bunuda 8 saat iÃ§erisinde aynÄ± gÃ¼nde yÃ¼kleyip Ã§ocuk telefonunun gÃ¼ncel faturasÄ±nÄ± 284 lira yapan ÅŸirket .irademizi ve cÃ¼zdanÄ±mizi sizlere asla teslim etmeyeceÄŸiz.,,,,
CEVÄ°Z,@Cevizismail,2020-10-16T07:34:18.000Z,#Turkcell,,,,
Veteriner Hekimi N. GÃ¼nhan,@HekimNazmi,2020-10-16T06:47:54.000Z,"TeÅŸekkÃ¼rler #turkcell 
@Turkcell
 @TurkcellHizmet",,,,
Abdurrahim KAYA,@abdurrahim748,2020-10-16T06:15:04.000Z,"Sabah salla kazan yapayÄ±m dedim. Hayattaki ÅŸansÄ±ma bak..
#TwitterDown #turkcell #sallakazan #tÃ¼rkiye #turkey",,,,3
SinceraOslem,@Sinceraoslem,2020-10-16T05:16:50.000Z,"#Turkcell ciÄŸim gel sarÄ±lÄ±p barÄ±ÅŸalÄ±m affettim sizi
 arÄ±zayÄ± dÃ¼zeltmiÅŸsiniz geÃ§miyorum baÅŸka operatÃ¶re 
@Turkcell
 @TurkcellHizmet",ğŸ˜˜,2,,3
ĞĞ·Ò‘ÑÑ€,@ThaiKhe,2020-10-15T21:30:16.000Z,"@Turkcell
 #Turkcell Felakettir!",,,,
Ekonomikus,@Ekonomikuss,2020-10-15T17:30:48.000Z,"TVF'nin #Turkcell hisselerinin yÃ¼zde 26.2â€™sini alarak ÅŸirketin ana hissedarÄ± olmasÄ±yla sonuÃ§lanacak hisse devri iÃ§in, ana sÃ¶zleÅŸmedeki 19 maddede yapÄ±lmasÄ± planlanan deÄŸiÅŸiklikler 21 Ekim'deki genel kurul toplantÄ±sÄ±nda gÃ¶rÃ¼ÅŸÃ¼lecek.#TCELL",,,,
Evet adÄ±m gibi Eminâ€™im,@eminarslan_,2020-10-15T16:54:44.000Z,"KaÃ§ saat sonra yÃ¼klenir acaba bir fikriniz var mÄ±. 80 bin NÃ¼fuslu iÃ§lenin merkezindeyim. Ä°phone 11 telefon kullanÄ±yorum. KaÃ§ aydÄ±r bÃ¶yleyiz Vodafone olmak piÅŸmanlÄ±k mÄ± gerÃ§ekten ? . 
@VodafoneTR
  @VodafoneDestek
  #vodafone #Turkcell #tÃ¼rktelekomThe following media includes potentially sensitive content. Change settings
View",ğŸ’¤,1,,3
(Toprak),@Nus2088,2020-10-15T16:45:33.000Z,"Replying to 
@TurkcellHizmetEn azÄ±ndan cevap veriyorsunuz 
@VodafoneTR
 cevap bile vermiyor teÅŸekkÃ¼rler #Turkcell",,1,,
Ä°smail MeneviÅŸ,@MenevisIsmail,2020-10-15T15:17:38.000Z,"Replying to 
@takasmatik2#Turkcell teÅŸekkÃ¼rler.",,,,
Finans GÃ¼ndem,@finansgundemcom,2020-10-15T15:01:57.000Z,Turkcell iÃ§in kritik gÃ¼n #Turkcell #TVF #hissedevri - https://finansgundem.com/haber/turkcell-icin-kritik-gun/1525358â€¦,,,3,3
borsagundem,@borsagundem,2020-10-15T15:01:48.000Z,Turkcell iÃ§in geri sayÄ±m baÅŸladÄ± #Turkcell #TVF #hissedevri - https://borsagundem.com/haber/turkcell-icin-geri-sayim-basladi/1525357â€¦,,,6,15
ase,@asevvrl,2020-10-15T13:02:33.000Z,"1,5 aydÄ±r altyapÄ±dan kaynaklÄ± internetimiz yok,altyapÄ± tÃ¼rk telekomun onlarÄ±n yapmasÄ± lazÄ±m diyorsunuz. Sizin mÃ¼ÅŸterinizken tÃ¼rktelekoma mÄ± hesap soralÄ±m bu nasÄ±l saÃ§malÄ±k! Ãœniversite Ã¶ÄŸrenciyim kardeÅŸim lise Ã¶grencisi sizin yÃ¼zÃ¼nÃ¼zden geleceÄŸimiz kayÄ±yor! #superonline #turkcell",,1,,
Erciyes Teknopark,@ercteknopark,2020-10-15T12:50:56.000Z,"Turkcell Ä°letiÅŸim Hizmetleri A.Å.â€™nin startuplarla yÃ¼rÃ¼ttÃ¼ÄŸÃ¼ Ã§alÄ±ÅŸma modelinin detaylarÄ±nÄ±, konu ile ilgili 
@Turkcell
 ekibi 
@ercteknopark
 bÃ¼nyesinde faaliyet gÃ¶steren startuplarla Ã§evirimiÃ§i platformda paylaÅŸtÄ±. #ErciyesTeknopark #Turkcell #startup",,,,5
Tmr,@Timur9155,2020-10-15T12:38:38.000Z,"Replying to 
@TTDestekEy #turkcell gÃ¶r gÃ¶r bunlar hep senin yÃ¼zÃ¼nden",,,,
seraaaa,@kilslseraa,2020-10-15T12:07:09.000Z,"Ã‡ok ÅŸÃ¼kÃ¼r bu ay #vergi ye ve #Turkcell e Ã§alÄ±ÅŸtÄ±m.indirim bekliyorum 
@Turkcell
 .#muegeanli #RTEuenileriac #perÅŸembeThe following media includes potentially sensitive content. Change settings
View",,,,3
GÃ¶keen,@KrtbkGokhan,2020-10-15T11:35:40.000Z,#turkcell  internet neden bu kadar kÃ¶tÃ¼ ? NapÄ±yorsunuz ?,,1,,
Burcu GÃ¼ney,@brcguny,2020-10-15T11:30:34.000Z,"16 gb internete 120 tl para isteyen baÅŸka operatÃ¶r var mÄ± sadece merak ettim 
 Neyseki son ayÄ±m turkcellde! #Turkcell 
@Turkcell",ğŸ§,2,,1
Mazlum (S.a),@samseytaninerde,2020-10-15T11:20:46.000Z,"#Turkcell 
Bu dolandÄ±rÄ±cÄ±lara para yok artÄ±k hattÄ±mÄ± iptal etmeye gidiyorum Allahâ€™Ä±n cezalarÄ± .",,2,,
Ozlemkolanci,@Ozlemkolanci1,2020-10-15T09:07:18.000Z,"#Turkcell  
@Turkcell
 @TurkcellHizmet
 @Murat__Erkan
  sÃ¼per online internetimi 15 gÃ¼ndÃ¼r yeni adresime taÅŸÄ±yamadÄ±nÄ±z. Pandemi sÃ¼recinde derslerimizden ve iÅŸimizden sayenizde maÄŸduruz. TeÅŸekkÃ¼rler",,1,,
Bursaspor,@BursasporSk,2020-10-15T07:50:36.000Z,"Instagramâ€™da geÃ§erli 5GB ile Bursasporâ€™un her golÃ¼ne 200MB ve galibiyetine 1GB kazanmak iÃ§in TIMSAH yaz 2200â€™a gÃ¶nder, hem sen kazan hem de takÄ±mÄ±n kazansÄ±n! #Turkcell #BursasporDestekPaketleri",,3,6,124
HÃ¼seyin Tuna,@huseyintuna26,2020-10-15T07:39:11.000Z,"Replying to 
@TurkcellHizmet#turkcell mesaj olarak gÃ¶nderdim. ArtÄ±k bir Ã§Ã¶zÃ¼m bulun lÃ¼tfen.",,1,,
HÃ¼seyin Tuna,@huseyintuna26,2020-10-15T07:28:04.000Z,"#Turkcell 17 dakika mÃ¼ÅŸteri hizmetlerinize baÄŸlanmak iÃ§in bekliyorum ve hÃ¢lÃ¢ ""beklediÄŸiniz iÃ§in teÅŸekkÃ¼r ederiz"" diyorsunuz. Nedir bu yaa...SabÄ±r testi mi , telefon ÅŸakasÄ± mÄ±?",,1,,
KOBÄ° YAÅAM,@kobiyasam,2020-10-15T07:18:45.000Z,"TURKCELLâ€™DEN â€œTEMASSIZ MAÄAZACILIKâ€ UYGULAMASIâ€¦

#perÅŸembe #turkcell #Covid_19 #TemassÄ±zMaÄŸazacÄ±lÄ±kTURKCELLâ€™DEN â€œTEMASSIZ MAÄAZACILIKâ€ UYGULAMASIâ€¦ â€¢ Kobi YaÅŸam
Turkcell, Covid-19 tedbirleri Ã§erÃ§evesinde â€œtemassÄ±z maÄŸazacÄ±lÄ±kâ€ uygulamasÄ±nÄ± hayata geÃ§iriyor. MÃ¼ÅŸteriler, Turkcell maÄŸazalarÄ±ndaki dijital ekranlara ve uygulamalara cep telefonlarÄ±yla QR kodu...
kobiyasam.com.tr",,,4,3
CEVÄ°Z,@Cevizismail,2020-10-15T06:16:32.000Z,Mevcut tarife 40 lira ÅŸu an gÃ¼ncel fatura 284 lira  saat 9 dan 16 ya kadar 10 paket aÅŸÄ±mÄ±  ve bu telefonu Ã§ocuÄŸum kullanÄ±yor .zoom eÄŸitimi !/hesap soramiyorsun .paket alÄ±nacaksa benim iradem yok mu ben alirim.sen neden benim adÄ±ma karar aliyorsun.#Turkcell,,,,
AKL-I KEMAL ATAM,@TCEbruliceanlat,2020-10-14T22:32:00.000Z,"Replying to 
@AliEmrahOLGUN1
 @dmd
 and 
@Dmd_ailelerihttps://youtu.be/iq5iAU7ogZM

DMD rahatsizligi olan Furkan kardeÅŸime yardÄ±mcÄ± olalÄ±m destek olalÄ±m lÃ¼tfen video izlenimleri onlara destek
#Turkcell #SAPIK #AtamDiyeceksiniz #DynamiteSummerRemixes #TikTok #umutsenolistifa #Merkel 
@dmd
 #dmdlinindÃ¼nyasÄ±nda 
@Dmd_aileleri
 #Nirvana",ğŸ™ ğŸ™ ğŸ™ ğŸ‘,,,1
ErzincanGs,@GsErzincan,2020-10-14T22:17:00.000Z,"#turkcell kabul et Ã§ekmiyorsunThe following media includes potentially sensitive content. Change settings
View",,,,1
Emre,@patriot_dwarf,2020-10-14T21:58:34.000Z,"Replying to 
@tncribrahim
 @VodafoneTR
 and 
@VodafoneDestek@VodafoneTR
 piÅŸmanlÄ±ktÄ±r. 1 kere #Turkcell'den geÃ§tim, 1 hafta sonra cezayÄ± Ã¶deyerek geri dÃ¶nÃ¼ÅŸ yaptÄ±m.",,1,,
ğ“£ğ“¤ğ“•ğ“ğ“,@tuufii_,2020-10-14T21:10:49.000Z,"#turkcell bana da aynÄ±sÄ±nÄ± yapmÄ±ÅŸtÄ± istanbulda merkezi yerde olmama raÄŸmen Ã§ekmeyen hatlarÄ± iÃ§in fatura kesmekten baÅŸka biÅŸey yapmazlar ticket aÃ§Ä±lÄ±r ama sonuÃ§ alÄ±nmaz. Burada verilen cevaplarÄ± gÃ¶rÃ¼nce Ä°yi ki saÄŸlayÄ±cÄ± deÄŸiÅŸtirmiÅŸim diyorum teÅŸekkÃ¼rler 
@TurkcellQuote Tweet
Herkesemuhalif
@Herkesemuhalif3
 Â· Oct 14
Replying to @TurkcellHizmet
Ä°yi kapattÄ±rÄ±yorum hattÄ±mÄ± o zaman o kadar fatura Ã¶dememe ne gerek var. SanÄ±rsÄ±n daÄŸ baÅŸÄ±nda oturuyorum. Lanet olsun ya",ğŸŒ¬ ğŸŒŠ,,,1
Emre Tokkan,@etokkan,2020-10-14T20:38:21.000Z,"Replying to 
@TurkcellHizmetElbette..PC ekran gÃ¶rÃ¼ntÃ¼sÃ¼ ekliyorum tarih ve saat da gÃ¼ncel olduÄŸunu gÃ¶steriyordur. Upload hÄ±zÄ±nÄ±n download dÃ¼ÅŸÃ¼k Ã§Ä±kmasÄ± da ayrÄ±ca bir enteresan
#Turkcell 
#turkcellsuperonline",,1,,
Mete KarakullukÃ§u,@Metetka,2020-10-14T20:29:48.000Z,"Size Ã¼ye olduÄŸum gÃ¼ne lanet olsun. 
@TRSUPERONLINE
  45 dkâ€™dÄ±r mÃ¼ÅŸteri hizmetlerine baÄŸlanamÄ±yorum bir de baÄŸlan Turkcellâ€™le hayata ÅŸarkÄ±sÄ±nÄ± dinliyorum. Alay mÄ± ediyorsunuz ? #Turkcell #TurkcellPismanliktir #SuperonlinePismanliktir",,2,,
Emre Tokkan,@etokkan,2020-10-14T20:10:45.000Z,"@Turkcell
 35 mbps fiber baÄŸlantÄ±m var ama gÃ¶rÃ¼nen 1.65 mbps  sayfa aÃ§amÄ±yorum. Bu nedir Allah aÅŸkÄ±na? AyÄ±ptÄ±r kardeÅŸim bir de dalga geÃ§er gibi hiÃ§bir sorun yok diyorsunuz.
#turkcellsuperonline
#Turkcell
@TurkcellHizmet",,1,,
Berkan Sezer,@berkansezer,2020-10-14T12:49:38.000Z,"Appleâ€™Ä±n dÃ¼nkÃ¼ etkinliÄŸinde bahsedilen hÄ±zlardan bir Ã¶rnek. TÃ¼rkiyeâ€™de belki bu kadar hÄ±zlÄ± veriler gÃ¶remeyeceÄŸiz ama yinede 5Gâ€™nin geliÅŸiyle beraber internet adÄ±na bildiÄŸimiz her ÅŸey deÄŸiÅŸecek. #5G #internet #iphone12 #turkcell #VodafoneQuote Tweet
George Koroneos
@GLKCreative
 Â· Oct 13
Boom! I just cracked 3.4 Gbps in downtown Baltimore on @Verizon 5G Ultra Wideband. This is the 5G America's been waiting for. #5GBuiltRight",ğŸ—¿ ğŸ¹,,,1
Kendine EÄŸlenen,@etsdln,2020-10-14T12:28:59.000Z,Ki hali. #superbox #turkcell ocak ayÄ±ndan benim sorunumu Ã§Ã¶zmediniz ya gÃ¼n yÃ¼zÃ¼ gÃ¶remeyin,,1,,
adaniz,@adaniz4,2020-10-14T12:04:09.000Z,"@Turkcell
 pandemi nedeniyle Turkiye ye gidemedim ve deaktif olan hattimi acmak icin yeni dogum yapmis olmama ragmen yurtdisindan Turkiye gelmemi soyleyen teknoloji sirketi Turkcell,  tum Turkiye de hersey uzaktan yapilirken sizce de bu durum fazlaca teknolojik degil mi?#turkcell",,1,,
Crypto2Mobile.com,@crypto2mobile,2020-10-14T11:50:39.000Z,"Replying to 
@kriptokoinÅu andan itibaren TÃ¼rk Telekom, TurkCell ve Vodafone TÃ¼rkiye ve KÄ±brÄ±s'Ä± bitcions veya ethereum gibi kripto para birimleriyle doldurabilirsiniz. #topup #recharge #TurkTelekom #TurkCell #Vodafone #BTC
 #BCH #ETH #LTC hizmetimizde:",,,,
Yusuf,@y0zdas,2020-10-14T10:56:26.000Z,"Replying to 
@birk#Turkcell mobile #4.5g #ulus district #Ankara very weak than they claimed. $36.35 per month",,,,
YÄ±lmaz BOZAN,@yilmazbozan,2020-10-14T10:47:18.000Z,"#BossLifeMagazine dergisi Ekim sayÄ±sÄ±na sevgili kedim #Dublin ile konuk olduk. 
Online Platformda okumak iÃ§in #Turkcell 
@dergilik
  uygulamasÄ± : https://dergilik.com.tr/magazine/54628 
@revolutiondmcom
 #dijitalpazarlama #eticaret",ğŸ˜¸,1,3,4
Human Resources Department,@HRDkariyer,2020-10-14T10:00:09.000Z,"Åirket, yurt dÄ±ÅŸÄ±nda Ã§alÄ±ÅŸan TÃ¼rk vatandaÅŸlarÄ±na ÅŸirkette kendilerine uygun olan pozisyonlara baÅŸvuruda bulunma Ã§aÄŸrÄ±sÄ± yaptÄ±. 

#istihdam #turkcell #hr #iÅŸ #iÅŸÃ§i #Ä°stanbul #HumanResources #ekim #carsamba",,,,9
mehmet yanÄ±k,@myanik753,2020-10-14T09:47:28.000Z,#Turkcell,,,,
waytosay,@waytosayist,2020-10-14T09:45:04.000Z,"TÃ¼rkiyeâ€™nin lider telekomÃ¼nikasyon ÅŸirketlerinden Turkcellâ€™in CEOâ€™su Murat Erkan binlerce Ã§alÄ±ÅŸanÄ±n sevgisini kazanmayÄ± baÅŸardÄ±ÄŸÄ± liderlik sÄ±rlarÄ±yla karÅŸÄ±mÄ±zda!

Bu keyifli rÃ¶portajÄ± izlemek iÃ§in: https://insanvemarka.com/murat-erkan-pandemi-doneminde-liderlik/?utm_source=mailing&utm_medium=muraterkan&utm_campaign=ekimâ€¦ 

#Turkcell
#insanvemarka
#muraterkan
#liderlik",,,,
ğ‘…ğ“Šğ’½ğ“ˆğ“Šğ“,@xblackmannn,2020-10-14T09:42:52.000Z,"Abi ben TURKCELL kullanÄ±yorum ldkkdkd 
#Turkcell 
#vodafone",,3,,10
Mehmet,@Mehmet89872336,2020-10-14T08:38:56.000Z,Turkcellsuperonline kullanicisiyim bu kadar mÃ¼ÅŸterilerine ilgisiz bir firma gÃ¶rmedim kac gÃ¼ndÃ¼r evimde internet olmadÄ±ÄŸÄ± sÃ¶ylÃ¼yorum  bu sebebten dolayÄ±  home-office Ã§alÄ±ÅŸan bir insan olduÄŸumdan dolayi   iÅŸimden  de maÄŸdur  oluyorum  #turkcellsuperonline #Turkcell,,1,,
Erdal Ã–zyiÄŸit,@ozyigite,2020-10-14T08:28:56.000Z,"#tcell #turkcell #hisse 
 iÅŸaret edilen geri Ã§ekilmenin daha fazla devam ettiÄŸini, ardÄ±ndan ise yÃ¼kseliÅŸe geÃ§tiÄŸini gÃ¶rÃ¼yoruz. %24 DÃ¼zeltme Seviyesi 16,39lar Ã¼zerinde kalabildiÄŸi sÃ¼rece yÃ¼kseliÅŸini devam ettirmek isteyebilir.Quote Tweet
Erdal Ã–zyiÄŸit
@ozyigite
 Â· Sep 11
#tcell #turkcell #hisse %50 Seviyesi 14,76 altÄ±nda kaldÄ±ÄŸÄ± sÃ¼rece, %62 Seviyesi 14,04lere kadar geri Ã§ekilme devam edebilir. Bu sadece Teknik Ä°HTÄ°MAL olup, gerÃ§ekleÅŸmesi gerekmez. twitter.com/ozyigite/statuâ€¦",ğŸ‘‡,,1,3
Fiberland Dijital Teknolojileri,@Fiberlandtsol,2020-10-14T08:13:43.000Z,Turkcell yÃ¶neticilerimizle Q3 deÄŸerlendirme sunumumuzu gerÃ§ekleÅŸtirdik. KatÄ±lÄ±m  ve desteklerinden dolayÄ± teÅŸekkÃ¼r ederiz. #Turkcell #Fiberland https://instagram.com/p/CGURvYpFsSH/?igshid=15tcue4go7vcsâ€¦,,,,1
Tarzz,@tarzz_net,2020-10-14T07:14:09.000Z,"#Turkcell, #koronavirÃ¼s dÃ¶neminde maÄŸazalarÄ±nda temasÄ± minimuma indirgemek iÃ§in â€œtemassÄ±z maÄŸazacÄ±lÄ±kâ€ uygulamasÄ±nÄ± baÅŸlattÄ±. 
#TarzzTurkcellâ€™den â€˜temassÄ±z maÄŸazacÄ±lÄ±kâ€™
Turkcell, COVID-19 dÃ¶neminde maÄŸazalarÄ±nda temasÄ± minimuma indirgemek iÃ§in â€œtemassÄ±z maÄŸazacÄ±lÄ±kâ€ uygulamasÄ±nÄ± baÅŸlattÄ±. Uygulama ile mÃ¼ÅŸterilerinin, Turkcell maÄŸazalarÄ±nda dijital ekraâ€¦
tarzz.net",,,,
Sevcan Caliskan,@SevcanCaliskan,2020-10-13T18:41:06.000Z,#superonline #turkcell Paket degisikligi yapmadigim ve buna onay vermedigim halde ki eger paket alsam +50 tl verecegim seye neden 120 tl verme gafletinde bulunayim.. ben paket degisikligine ONAY VERMEDIM!!!,,1,,1
Sevcan Caliskan,@SevcanCaliskan,2020-10-13T18:39:18.000Z,"Sevgili #superonline ve #turkcell insanlara telefonda soylediginiz yalanlarla paketinize ek olarak ucretsiz veriyoruz dediginiz tv box a para almak nedir, ya da telefonda soylediginiz seyin aksine insanlar okumuyo diye imzalattiginiz dokumanlarla fatura gecirmek de neyin nesi?",,2,,1
Yurdaer KÄ±lan,@Yurdaer_Kilan,2020-10-13T18:35:30.000Z,"Replying to 
@TurkcellHizmet
 and 
@tascii1903Ä°zmir ortasÄ±nda telefon hattÄ± Ã§ekmeyen operatÃ¶r  istiyorsanÄ±z kesin 
@Turkcell
 e geÃ§melisiniz..#Turkcell",,1,,1
Osman BOZGEYÄ°KLER,@TheCedayOsman,2020-10-13T18:12:23.000Z,"Replying to 
@Turkcell
 @BiPMobil
 and 
@paycellyani ne desem az kalÄ±r gibi mÃ¼ÅŸteri hizmetlerini arÄ±yorum ana paket deÄŸiÅŸimi iÃ§in yÃ¼kseltmek iÃ§in arÄ±yorum bekle ki mÃ¼ÅŸteri hizmetleri telefonu aÃ§sÄ±n 15 dkdÄ±r aÃ§mamak ne demek #turkcell",,1,,
Beyza,@susamsokagi11,2020-10-13T17:18:03.000Z,"BaÄŸlan turkcelle hayata 
Ezberledim yaa yeter bi cevap verin artÄ±k 
#turkcell",,1,,8
NecdeT,@5ncdt9,2020-10-13T16:59:16.000Z,"@VodafoneDestek
 @VodafoneTR
 BaÄŸlantÄ± hÄ±zÄ± iÃ§in 16 mb parasÄ± Ã¶dÃ¼yorum ÅŸuanda 1 mb bile gÃ¶rmÃ¼yorum maksimum 900 kb haram zÄ±kkÄ±m olsun yÄ±llardÄ±r Ã¶dediÄŸimiz paralara sÃ¼rekli aynÄ± sorun. ArtÄ±k #turkcell e geÃ§me vakti geldi yeter.#vodafonepismanlÄ±ktÄ±r #Vodafone",ğŸ¥ ğŸ“° ğŸ“º ğŸ“»,1,2,
Merve,@delireceklerden,2020-10-13T16:04:41.000Z,"YÄ±llar sonra #fizy silip #spotify kullanÄ±yorsam, #Turkcell bi kendini sorgula cnm. 30 sn. ne ya? :)",,,,1
Ä°smail MeneviÅŸ,@MenevisIsmail,2020-10-13T15:41:15.000Z,"Replying to 
@takasmatik2#Turkcell teÅŸekkÃ¼rler",,,,
ĞĞ·Ò‘ÑÑ€,@ThaiKhe,2020-10-13T15:14:11.000Z,"@Turkcell
 @TurkcellHizmet
 #Turkcell  Sizden kurtulmama sadece 7 gÃ¼n kaldÄ±. Adeta gÃ¼nler geÃ§miyor, ÅŸafak sayÄ±yorum. 7 gÃ¼n sonra Turkcell adÄ±nÄ± bile duymak istemiyorum. Sizin aboneniz olmak, resmen kabus gibiydi.",,1,,
Mustafa,@Mustafa17890177,2020-10-13T12:01:48.000Z,"#Vodafonedestek tarifem bitiyor , biteceÄŸi gÃ¼nÃ¼ ip ile cekiyorum , #Turkcell sizden gÃ¼zel bir teklif bekliyorum",,1,,
Mojna,@mojnaxi,2020-10-13T11:45:18.000Z,"Telsiz KullanÄ±m Ã¼creti / Elektronik haberleÅŸme kanunu. #turkcell #vodafone #avea #turktelekom #bimcell #telsim #aycell #aria #shubuo #yokoyleyagmaQuote Tweet
Mojna
@mojnaxi
 Â· Oct 13
SÃ¼rekli zamlanÄ±yor. Zaten telefon faturasÄ±nda yeteri kadar KDV, Ã–TV Ã¶demiyor muyum? Telefon alÄ±rken bile zaten yeteri kadar Ã¶demedim mi? hattÄ± olan herkesten alÄ±ndÄ±ÄŸÄ±nÄ± dÃ¼ÅŸÃ¼nÃ¼rsek eÄŸer gÃ¼zel temiz para. akmasa da damlar bazÄ±larÄ± iÃ§in. damla dediysem dÃ¼den ÅŸelalesi gibi yani.",,,1,2
mutluaymehmet,@MutluayMehmet,2020-10-13T10:16:49.000Z,"SÃ¼peronline 21 gÃ¼ndÃ¼r, Vodafone net 8 gÃ¼ndÃ¼r bir baÄŸlantÄ± yapamadÄ±, insanÄ± pisliÄŸe tahrik ediyor bu terbiyesiz kurumlar , Allah sizin belanÄ±zÄ± versin
#Vodafone 
#turkcell
#sÃ¼peronline",,,,1
OgÃ¼n Yayla,@OgnYayla1,2020-10-13T10:08:51.000Z,#turktelekom dan #turkcell  e geÃ§tim piÅŸman ettiniz. Ä°nternetiniz leÅŸ reklama gelince fiber cart curt ama icraat eÅŸek arabasÄ±. #turkcellozurdile,,,,2
OgÃ¼n Yayla,@OgnYayla1,2020-10-13T10:06:17.000Z,Senin sorunun ne bilader #turkcell,,,1,3
Arrow,@Ti3arrow,2020-10-13T10:02:27.000Z,#Vodafone dan kurtuldum. yollara dÃ¼ÅŸÃ¼p sinyal aramaktan kurtuldum ÅŸÃ¼kÃ¼rler olsun... #TURKCELL le baÄŸlandÄ±m hayata....,,1,,
Volkan Ã–ZTÃœRK,@EVozturk,2020-10-13T09:39:06.000Z,"@Turkcell
 @TurkcellHizmet
 #turkcell
6-vs. Ã¶demek zorunda kaldÄ±m.
KullandÄ±ÄŸÄ±m 2 hatta yeni tarife tanÄ±mlamasÄ±nÄ±n 12.10.2020â€™de yapÄ±ldÄ±ÄŸÄ±nÄ±, gelen mesajlarla Ã¶ÄŸrendim. 13.10.2020â€™de genel mÃ¼dÃ¼rlÃ¼kten arayan temsilci yeni tarifeye geÃ§tiÄŸimin bilgisini verdi. Bende  tarafÄ±ma taahhÃ¼t",,,,
Volkan Ã–ZTÃœRK,@EVozturk,2020-10-13T09:37:54.000Z,"@Turkcell
 @TurkcellHizmet
 #turkcell 
2-sonrasÄ±nda kullandÄ±ÄŸÄ±m bir hattÄ±m iÃ§in 15 gb+1000 dak. iÃ§in 12 ay (ya da 24 ay iÃ§in) fatura Ã¶demeyeceÄŸimi, kullandÄ±ÄŸÄ±m diÄŸer hattÄ±m iÃ§in ise, 4 gb+1000 dk iÃ§in aylÄ±k 29TL (ya da 30 TL)  bedel Ã¶deyeceÄŸimi ilettiler. Bende kabul ederek",,,,
Volkan Ã–ZTÃœRK,@EVozturk,2020-10-13T09:36:45.000Z,"@Turkcell
 @TurkcellHizmet
 #turkcell 
5-HatlarÄ±n 9 tanesi 07.10.2020â€™de iptal edildi, bir tanesinin iptal iÅŸlemi unutulmuÅŸtu. Tekrar talep oluÅŸturdum. Bu arada hiÃ§ kullanmadÄ±ÄŸÄ±m hatlarÄ±n bedelini, kullandÄ±ÄŸÄ±m hatlarÄ±mÄ±n yeni tarifeye geÃ§irilmemiÅŸ olmasÄ± nedeniyle aÅŸÄ±m bedellerini",,,,
Volkan Ã–ZTÃœRK,@EVozturk,2020-10-13T09:35:29.000Z,"@Turkcell
 @TurkcellHizmet
 #turkcell 
4-Kendisi hanbire iÅŸlemleri yapacaÄŸÄ±nÄ± sÃ¶yleyerek oyaladÄ±. SonrasÄ±nda iÅŸlemlerin yÃ¼rÃ¼tÃ¼lmesi iÃ§in yeni birini yÃ¶nlendirmelerini istedim. Bu kez gelen bayan arkadaÅŸ da iÅŸlemleri yapacaÄŸÄ±nÄ± sÃ¶yleyerek oyalamaya devam etti.",,,,
Volkan Ã–ZTÃœRK,@EVozturk,2020-10-13T09:33:22.000Z,"@Turkcell
 @TurkcellHizmet
 #turkcell 
3-Ã¶nÃ¼me koyduklarÄ± kaÄŸÄ±tlarÄ± imzaladÄ±m.  AldÄ±ÄŸÄ±m hatlarÄ±n sim kartlarÄ± dahi teslim edilmedi. 7 AÄŸustos tarihinden 9 EylÃ¼l tarihine kadar iÅŸlemleri yapmasÄ± iÃ§in Turkcell Ã§alÄ±ÅŸanÄ±nÄ± sÃ¼rekli aradÄ±m ve mesaj attÄ±m.",,,,
Volkan Ã–ZTÃœRK,@EVozturk,2020-10-13T09:31:21.000Z,"@Turkcell
 @TurkcellHizmet
 #turkcell 
2-sonrasÄ±nda kullandÄ±ÄŸÄ±m bir hattÄ±m iÃ§in 15 gb+1000 dak. iÃ§in 12 ay (ya da 24 ay iÃ§in) fatura Ã¶demeyeceÄŸimi, kullandÄ±ÄŸÄ±m diÄŸer hattÄ±m iÃ§in ise, 4 gb+1000 dk iÃ§in aylÄ±k 29TL (ya da 30 TL)  bedel Ã¶deyeceÄŸimi ilettiler. Bende kabul ederek Ã¶nÃ¼me",,1,,
Akasya,@akasyaacibadem,2020-10-13T09:16:59.000Z,"Turkcell Akasyaâ€™da seÃ§ili iPhone modellerinde 300TL, AirPods 150TL ve seÃ§ili aksesuarlarda %30 indirim fÄ±rsatÄ±ndan yararlanmak linke tÄ±klayarak uygulamayÄ± indirmeyi unutmayÄ±n!
http://bit.ly/3doFW4W

#Akasya #AkasyaMobil #Turkcell #iphone #AirPods #Kampanya #Ä°ndirim",ğŸ“± ğŸ§,,,1
Ã‡ekiliÅŸlerim,@cekilislerimcom,2020-10-13T08:47:54.000Z,"Turkcell Bizce UygulamasÄ± 5 Adet Samsung Note 10+ Ã‡ekiliÅŸi! 
https://cekilislerim.com/turkcell-bizce-uygulamasi-samsung-note-10-cekilisi/â€¦

#Ã§ekiliÅŸ #Ã§ekiliÅŸvar #turkcell #bizce #yarÄ±ÅŸma #kampanya #indirim #samsung #samsungnote10plus #note10plus #samsungnote #akÄ±llÄ±telefonTurkcell Bizce UygulamasÄ± Samsung Note 10+ Ã‡ekiliÅŸi
Turkcell Bizce UygulamasÄ±nda bulunan katÄ±lÄ±m formunu 08.10.2020 - 07.11.2020 tarihleri arasÄ±nda her gÃ¼n doldurarak 31 Ã§ekiliÅŸ hakkÄ± edinip Samsung Note
cekilislerim.com",,,,
Sefer,@Sefer59190967,2020-10-13T07:57:52.000Z,"Replying to 
@TurkcellHizmetHerkes deÄŸil ÅŸuana kadar 3 kiÅŸi aynÄ± problemi yaÅŸÄ±yor #turkcell",,2,,
Sefer,@Sefer59190967,2020-10-13T07:54:54.000Z,"Sabahtan beri turkcell hattÄ± Ã§ekmeyen sadece ben miyim #turkcell 
#turkcelcevapver
#turkcellÅŸebekeyok",,1,,
Burak the YargÄ± MaÅŸÄ±n,@BurakTore0,2020-10-13T07:17:57.000Z,GÃ¼ne #Turkcellâ€™i olarak uyanmanÄ±n bana verdiÄŸi yetkiye dayanarak gÃ¼Ã¼Ã¼Ã¼naaaaaydÄ±nnnnnn ,â¤,3,,18
Ferit KÃ–SE,@frtkose_frtkose,2020-10-13T03:41:37.000Z,"Replying to 
@ahmetguventpAslÄ±nda yapÄ±lmasÄ± gereken Ã§oÄŸu analizi yaptÄ±nÄ±z Ã¶ncelikle teÅŸekkÃ¼r ederim Ahmet Hocam.
#garan
#Turkcell 
Birde bist30 endeks analizi yaparsanÄ±z faydalÄ± olur.",,,,
ğ€ğ‚ğ˜ âœª,@IT_Uzmani,2020-10-12T22:47:52.000Z,"Bu 10/1 hÄ±z sizin baÅŸarÄ±nÄ±z Avrupaâ€™Ä±n en pahalÄ± internetini sunan servis saÄŸlayÄ±cÄ±. #superonline 
#Turkcell 
@Turkcell
 @SuperYardim
 @TurkcellHizmet
 @SuperonlineNet",ğŸ† ğŸŒ ğŸŒ ğŸŒ ğŸ‘ ğŸ‘ ğŸ‘ ğŸ‘ ğŸ‘,1,,
Ramazan,@Rmzndemirko2,2020-10-12T21:24:48.000Z,"Size tek tavsiyem #turkcell ile ilgili hattÄ±nÄ±z internetiniz varsa iptaline hemen baÅŸvurun derim daha fazla kandÄ±rÄ±lmayÄ±n hiÃ§bir ÅŸekilde yar olmuyorlar kandÄ±rmaktan baÅŸka 
@Murat__Erkan
 @TurkcellHizmet
 @Turkcell
 @Trkcellfiberint
  tÃ¼m dostlara inanÄ±n tavsiym baz geÃ§in 
@Turkcell
 den",,,,
Kimse,@Mayba71731506,2020-10-12T18:07:12.000Z,"Replying to 
@HakkiKartal1914
 @BuyukAItay
 and 
@VodafoneDestekSen Ã¶lÃ§ebilmiÅŸsin biz siteye bile giriÅŸ yapamÄ±yoruz #turkcell superbox ile.. Ã¼stÃ¼ne emin ol senden Ã§ok daha fazla para veriyoruz..",ğŸ‘‘ ğŸ‘‘ ğŸ‘‘ ğŸ‘‘,1,,1
ÅŸuÅŸu,@_susu_88,2020-10-12T18:00:05.000Z,#turkcell taahhÃ¼t vermem iÃ§in neden bu kadar uÄŸraÅŸÄ±yorsun?  sÃ¶z verecek olsam evlenirim beybisi ,ğŸ¤« ğŸ˜‰,,,8
Murat MEÅE,@muratmese06,2020-10-12T17:11:34.000Z,"#FOXHaberÄ°hbarHattÄ± #Turkcell tarafÄ±ndan dolandÄ±rÄ±lÄ±p kandÄ±rÄ±ldÄ±m
mevcut tarifemin bittiÄŸini tablet hediyeli tarifeye geÃ§memi sundular kabul ettim paket fiyatÄ±m yÃ¼kseldi tabi tablet arÄ±zalÄ± Ã§Ä±ktÄ± deÄŸiÅŸim ve iade yok diyorlar milleti kandÄ±rÄ±p fazla Ã¼cret  alÄ±yorlar lÃ¼tfen yardÄ±m",,,,
SertaÃ§ Darcan,@sertacdarcan,2020-10-12T16:44:32.000Z,"EVET 
 @Turkcell
 NE YAPACAKSINIZ YARDIM ? #turkcell",â¡,,,1
Ã‡ekirdekÃ§i Faruk,@faruk77,2020-10-12T16:32:32.000Z,#turkcell #Spotify,,,,1
Ä°smail MeneviÅŸ,@MenevisIsmail,2020-10-12T16:15:38.000Z,"Replying to 
@takasmatik2#Turkcell teÅŸekkÃ¼rler",,,,
Musa YÄ±lmaz,@MusaYlm98197470,2020-10-12T15:51:56.000Z,"@Trkcellfiberint
 @trkcell1000
#Turkcell 
@iletisim
 @sikayetblog
 
Ã–ÄŸlen 1""den beri arÄ±zanÄ±n olduÄŸu bildirilip aciliyet olduÄŸu halde ilgisizliÄŸin hat saf olduÄŸunu bildiririm?
Ä°nsanlar szlere nsl Ã¶drme yapÄ±yrsa szlrde ilgiye alakadr olmanz grk.
#tÃ¼rkcell #sÃ¼peronline",,2,,
Aysunn,@AysunBaskra,2020-10-12T15:15:09.000Z,"Ä°nternet taÅŸÄ±mak ve yeni kampanya ile ilgili bilgi  almak  istiyoruz ama mÃ¼ÅŸteri hizmet baÄŸlanamÄ±yoruz. 2 kiÅŸi Ã¶nÃ¼nÃ¼zde deyip numaranÄ±zÄ± not aldÄ±k deyip yÃ¼zÃ¼mÃ¼ze kapatÄ±yorsunz. Åehir deÄŸiÅŸtirdik. Ve evden Ã§alÄ±ÅŸmak zorundayÄ±z ama  internet yok MAÄDURUZ...
#Turkcell #superonline",,4,1,3
kudi,@zeynalcnn,2020-10-12T13:04:10.000Z,"Tam 3 haftadÄ±r ev internetim yok, defalarca kez aradÄ±m, arÄ±za kaydÄ± defalarca oluÅŸturdum hala bi sonuÃ§ alamadÄ±m ÅŸaka gibisiniz 
@Turkcell
 @TurkcellHizmet
 #superonline #turkcell",,2,1,13
ĞĞ·Ò‘ÑÑ€,@ThaiKhe,2020-10-12T10:56:32.000Z,"@Turkcell
 #Turkcell 
@tuketicigundemi
 @TuketiciBasvuru
 @tuketicikanunu
 @tuketicipostasi
 @BTKbasin
 Neden sadece 3 paketi seÃ§mek zorundayÄ±z. Abonelerinize, zorla sadece 3 paket dayatÄ±yorsunuz. AkÄ±llÄ± telefon ve internet kullanmayan biri neden Ä°nternete, zorla para Ã¶demek zorunda?",,2,,2
,@GUARDIAN331,2020-10-12T10:34:01.000Z,"#Turkcell  
@TurkcellHizmet
   48 saattir ev internetimiz yok ne gelen var ne giden",ğŸŒ ğŸ›¡ ğŸ›¡ ğŸ›¡ ğŸŒ,1,,1
Ä°layda YÄ±lmaz,@ilaydayilmazzz,2020-10-12T08:09:24.000Z,#Turkcell in ayriyetten veremediÄŸi hizmetler iÃ§in kÃ¼fÃ¼r yeme hattÄ±na ihtiyacÄ± var,,,,14
GÃ¼leser,@guleseronerr,2020-10-12T07:38:40.000Z,BugÃ¼n #turkcell i oluÅŸumun yÄ±l dÃ¶nÃ¼mÃ¼ymÃ¼ÅŸ. #Turkcell kuru bir mesajla kutladÄ±. Sende mi caÄŸnÄ±m #Turkcell  en azÄ±ndan hediye bari gÃ¶ndereydin. Kuru kuru mesaj oldu mu ,ğŸ˜ª,2,,1
heryerbembeyaz,@heryerbembeyaz,2020-10-12T06:35:48.000Z,#TÃ¼rktelokom dan #Turkcell e geÃ§iÅŸ yaptÄ±m #Vodafone nun gÃ¶nderdiÄŸi mesaj    Ã‡ok geÃ§ kaldÄ±n be #Vodafone cuÄŸum en az 5 yÄ±lÄ± var yani senden ayrÄ±lalÄ±,ğŸ¤£,1,,3
SarÄ± zeybek,@QWERTY_4880,2020-10-11T16:13:16.000Z,#Turkcell tam 1 haftadÄ±r bir hattÄ±n aÃ§Ä±lÄ±ÅŸÄ±nÄ± yapamadiniz.adiniza yakÄ±ÅŸmayan hizmet kaliteniz var adÄ±nÄ±z bÃ¼yÃ¼k ama hizmet kaliteniz sifir,,,,
UmUtsUzvAkA,@uokman,2020-10-11T14:55:48.000Z,"@SuperYardim
 @TurkcellHizmet
 @TRSUPERONLINE
 @SuperonlineNet
 @TFibernet
 #Turkcell  #superonline  
3 haftadÄ±r baÄŸlantÄ± sorununu Ã§Ã¶zÃ¼lemediÄŸi 1 firmada yÃ¶neticilik yapmak nasÄ±l 1 his ????
@ATansug
 @gsezgin",,1,,
A K I N,@Akindogn,2020-10-11T14:42:05.000Z,MÃ¼ÅŸteri hizmetlerini aradÄ±ÄŸÄ±mda ise kurye evraklarÄ± teslim etmediÄŸinden dolayÄ± geÃ§iÅŸ yapamÄ±yoruz diye sÃ¶ylÃ¼yor kuryenizle ben mi ilgileneceÄŸim bu ne sorumsuzluk siz bÃ¶yle mi iÅŸ yapÄ±yorsunuz. #Turkcell,,2,,1
A K I N,@Akindogn,2020-10-11T14:39:51.000Z,Ä°nternetten numara taÅŸÄ±ma Turkcell'e baÅŸvurdum. KartÄ±m elime ulaÅŸtÄ± ama 15 gÃ¼n oldu hattÄ±m halen geÃ§medi. BÃ¼tÃ¼n iÅŸlerim aksadÄ± sizin yÃ¼zÃ¼nÃ¼zden kimseyle iletiÅŸim kuramÄ±yorum. YarÄ±n direk iptal iÃ§in baÅŸvuru yapacaÄŸÄ±m. #Turkcell,,1,,
Burhanettin SÃœMER | Matematik OÄŸretmeni,@burhanettinogrt,2020-10-11T14:30:12.000Z,"Su 59â‚º lik tarifeye dÃ¼ÅŸÃ¼nÃ¼yorum #turkcell e bir aylÄ±k taahhÃ¼t kaldÄ± #turktelekom 
@TurkTelekom
 @TurkcellThe following media includes potentially sensitive content. Change settings
View",,9,,1
Ä°pek Åenol,@ipksnl,2020-10-11T12:30:18.000Z,"Bu Ã§aÄŸda internet kesiliyor. Tadilat sÃ¼reci de baÄŸlama sÃ¼reci gibi bir ayÄ± bulur mu ? #Turkcell 
@Turkcell
 @SuperYardim",,1,,
Begonya,@nn_begonya,2020-10-11T07:23:50.000Z,#turkcell beni bi turcell dÃ¼ÅŸÃ¼nÃ¼yor sanÄ±rÄ±m,,1,,
furkan,@f08091993,2020-10-11T05:03:27.000Z,"2020 yalÄ±nda mÃ¼kemmel internet ve 2000 Ping teÅŸekkÃ¼rler #turkcell #superonline #dota2The following media includes potentially sensitive content. Change settings
View",,,,1
adem kunt,@kuntadam_,2020-10-10T22:44:06.000Z,"@TurkcellHizmet
 , senin geri zekalÄ±lÄ±ÄŸÄ±n yÃ¼zÃ¼nden 72 yaÅŸÄ±ndaki annemin tansiyonu tavan yaptÄ±. Ä°ki saattir yataÄŸÄ±nda inleyip duruyor. 
@Turkcell
  #gerizekalÄ± #turkcell",,1,,1
tarihebendenbirnot,@tarihebendennot,2020-10-10T22:17:10.000Z,"Replying to 
@TurkcellHizmetanlamiyorsunuz!!! urunumu gonderin artik yeter !!!!! 
@TurkcellHizmet
 @Turkcell
 #Turkcell #turkcellÃ¶zÃ¼rdile",,,,
queen elice,@zwelice,2020-10-10T20:37:37.000Z,"turkcellden paket alayÄ±m dedim bana Ã¶zel paketler 50 liradan baÅŸlÄ±yo harbi Ã§ok Ã¶zel hissettim, dÃ¼ÄŸÃ¼n paketi alÄ±yoruz sanki  #Turkcell",ğŸŒ™,,,2
biyann,@biyann3,2020-10-10T20:35:59.000Z,"#Turkcell sabahtan beri internet paketi iÃ§in mÃ¼ÅŸteri hizmetlerini 7 defadÄ±r arÄ±yorum, her seferinde 10 dk bekliyorum, ama bir tÃ¼rlÃ¼ baÄŸlanmÄ±yor",,1,,
adem kunt,@kuntadam_,2020-10-10T19:31:55.000Z,"MÃ¼ÅŸteri hizmetlerinize TÃ¼rkÃ§e'yi ve basit mantÄ±k kurallarÄ±nÄ± Ã¶ÄŸretiniz. Ki ""Annem dilinden ameliyat oldu, konuÅŸamÄ±yor."" dediÄŸimizde ""Annenizle konuÅŸabilir miyim?"" deyip sinir bozmasÄ±nlar. 
@turkcell
 #Turkcell",,,,1
degerucuncu,@dGr_3,2020-10-10T18:28:19.000Z,Defalarca modem resetlememe raÄŸmen aldÄ±ÄŸÄ±m hÄ±z bu!!! Daha rezil bi hizmet olamazdÄ±.. sanÄ±rsÄ±n Ã§evirmeli modem devrine dÃ¶ndÃ¼k!! #turkcellfiber #turkcell #superonline #superonlineÃ§evirmelimodem,,,,1
degerucuncu,@dGr_3,2020-10-10T18:26:01.000Z,"@Turkcell
 @TurkcellHizmet
 

Bi dÃ¼nya para alÄ±p 35mb fiber diye sattÄ±ÄŸÄ±nÄ±z internetinizin halidir..

#turkcell #turkcellfiberrezaleti #ancaparaalÄ±nTURKCELL MÃ¼ÅŸteri Hiz",,3,,
Ramazan T.,@ramazan_beyy,2020-10-10T17:43:43.000Z,"Replying to 
@borsaparatic#Turkcell",,,,1
harun,@Usta23Usta,2020-10-10T17:26:53.000Z,#Turkcell 25 dakka hatta beklet mÃ¼ÅŸteri hizmeleri baÄŸlanmasÄ±n yapacagÄ±nÄ±z kaliteli hizmetin ...,,2,,
Ã–MER OSMAN CENÄ°K,@osman_cenik08,2020-10-10T16:44:53.000Z,"@TurkcellHizmet
 yine harikasÄ±nÄ±z. KaÃ§ kere yazdim Ã§are bulamadÄ±nÄ±z. AlkÄ±ÅŸlÄ±yorum sizi #turkcell  #artvin",,1,,
,@GUARDIAN331,2020-10-10T16:43:53.000Z,#Turkcell fiber internet o kadar hÄ±zlÄ± safya aÃ§mÄ±yor,ğŸŒ ğŸ›¡ ğŸ›¡ ğŸ›¡ ğŸŒ,1,,1
hayati demir,@liderbeslenme,2020-10-10T16:40:03.000Z,"Hap gibi yutmak istiyor
http://ow.ly/J5Wd30rejYy
#yudum #espresso #barista #tatil #deniz #Ã¶tesinde #turkcell #italy  #coffee #haftasonu #cumartesi #milk #istanbul #hayatÄ±n #bir #yaz #gÃ¼neÅŸ #antalya #turkey #latteart",,,,
ramazan adÄ±yaman,@madalyontelekom,2020-10-10T16:03:41.000Z,"AdÄ±ma 3 adet #turkcell HattÄ±m var, o kadar telefon aldÄ±m, 2-3 kere tablet aldÄ±m, hiÃ§bir zaman faturalarÄ±nÄ± Ã¶dememezlik yapmadÄ±m, ama ne hikmetse Turkcell financell limitim sÄ±fÄ±ra dÃ¼ÅŸÃ¼rÃ¼lmÃ¼ÅŸ. Haftaya ilk iÅŸim hattÄ±mÄ± TÃ¼rk Telekomâ€™a taÅŸÄ±mak olucak",,1,,
Ù…ØµØ·ÙÙ‰,@Duzenli_052,2020-10-10T15:31:41.000Z,"TeÅŸekkÃ¼rler #TurkcellThe following media includes potentially sensitive content. Change settings
View",,,,1
tostosta,@tostosta1,2020-10-10T15:05:39.000Z,"@Turkcell
 @TurkcellHizmet
 #turkcell 
@SuperonlineNet
 Hizmet karsiligi odememiz icin once hizmet vermeniz gerekir!!! Yil olmus 2020 hala internet problemi!!! Ä°nternetime bir cozum bulun artik!!!",,1,,
tostosta,@tostosta1,2020-10-10T15:04:08.000Z,"#Turkcell 
@TurkcellHizmet
 @Turkcell
 @SuperonlineNet
 #superonline 3 haftadir musteri hizmetlerini defalarca aramama ragmen hala internet sorunuma cozum bulamadiniz!",,,,1
BirAcayipAdam,@FB_TC_Neferi,2020-10-10T13:08:22.000Z,"GÃ¼zel insanlar.Saat 14.30 da interneti kesiyorsunuz saat 19.00a kadar yok diyorsunuz ve bunu ben sizi arayÄ±nca Ã¶ÄŸreniyorum. 
Hangi hakla neye gÃ¶re kesip neden haber vermiyorsunuz bana.
Ä°ÅŸim mi var toplantÄ±m mÄ± var?
MÃ¼neccim mi var aranÄ±zda?
Hak kaybÄ±mÄ± kim karÅŸÄ±layacak #turkcell",,1,,
SongÃ¼l Ã‡ETÄ°N,@karakizsc,2020-10-10T13:00:03.000Z,DuyarlÄ±lÄ±ÄŸÄ±ndan dolayÄ± teÅŸekkÃ¼rler #turkcell #hatayyaniyor #iskenderunyaniyor #belenyanÄ±yor,,,,1
GÃ–KÃ‡E,@zerda_tc,2020-10-10T10:35:37.000Z,#turkcell den,ğŸ¶,,,
Kara kartal,@Karakar31164694,2020-10-10T10:14:16.000Z,"Replying to 
@TTDestekHiÃ§ zahmet etmeyin. #turkcell #superonline #superbox 'a baÅŸvuruyorum istemeye istemeye 
 Ã¶ÄŸrencilerimi aylarca bekletemem... 
@krc_ysf",ğŸ˜,1,,
Ä°lker,@lker81251589,2020-10-10T09:31:18.000Z,"@Murat__Erkan
 #turkcell #superonline 
@TurkcellHizmet
 Bu kadar emek sarfedip birseyler baÅŸarmak istiyorsunuz ama tÃ¼m iÅŸletmeler ve cabalar beraber Ã§alÄ±ÅŸtÄ±klarÄ± insanlar kadar basarili olur. Koca superonline bir arÄ±zayÄ± 10 gÃ¼nde Ã§Ã¶zemiyor ise Ã§abalarÄ±nÄ±z boÅŸuna demektir.",,,,
oXobis,@ichbinkamil,2020-10-10T08:13:26.000Z,Bana hiÃ§ mutlu deÄŸil. Neredeyse 20 yÄ±llÄ±k hat. Ne bir indirim ne de baÅŸka bir ÅŸey yaptÄ±lar. AynÄ± paketler #Turkcell 'den yeni hat alÄ±rsan veya numaranÄ± taÅŸÄ±rsan Ã§ok daha ucuz. Eski mÃ¼ÅŸterini sÃ¶mÃ¼r ancak. #turkcell,,1,,
Sema...,@KaragozSe,2020-10-10T08:11:25.000Z,"Replying to 
@TTDestekTabii ki arayabilirsiniz. TTNET mÃ¼ÅŸterinizim. AdÄ±ma birkaÃ§ telefon var. #Turkcell olan kardeÅŸimin kullandÄ±ÄŸÄ± hattÄ±nÄ±, TÃ¼rk Telekom mobile geÃ§iÅŸ yaptÄ±m. Ä°lginize Ã§ok teÅŸekkÃ¼r ederim. DiÄŸer hatlarÄ±nda kampanya sÃ¼releri bittiÄŸinde geÃ§iÅŸ yapacaÄŸÄ±m.",,2,,
Mehmet Ozturk,@3673f9e96b604d7,2020-10-10T05:59:06.000Z,"Replying to 
@ofegin#SNGYO, #CEMAS, #TURKCELL.. teÅŸekkÃ¼rler hocam",,,,
Eren,@merend7,2020-10-10T05:28:43.000Z,"Sen ne tatlÄ± biÅŸey oldun Ã¶yle 
@Turkcell
 @TurkcellHizmet
 #Turkcell",ğŸ˜‚ ğŸ˜˜,2,,
Tuna,@coudynz,2020-10-10T01:06:50.000Z,Gecenin Ã¼Ã§Ã¼nde en yÃ¼ksek en ÅŸiÅŸirme senelik paketi onay almadan kitleyen operatÃ¶r yapmÄ±ÅŸlar #Turkcell,,1,,10
atakanxa_,@Atixchavo,2020-10-10T00:12:31.000Z,"Allah iÃ§in beni bi aÃ§Ä±ÄŸa kavuÅŸturun diyin ki sen yÄ±llÄ±k paket almÄ±ÅŸsÄ±n helal sana falan yapÄ±n kurtarÄ±n beni bu aylÄ±k paketden 
@Turkcell
 @TurkcellHizmet
 #Turkcell",,,,1
atakanxa_,@Atixchavo,2020-10-10T00:12:28.000Z,"Åim ben yÄ±llÄ±k paket mi aldÄ±m aylÄ±k paket mi? 
@Turkcell
 @TurkcellHizmet
 #Turkcell",,1,,1
atakanxa_,@Atixchavo,2020-10-10T00:05:50.000Z,"her ay 100 gb alÄ±p 59 tl veririm Åimdi ÅŸÃ¶yleki aylÄ±k pakette birde sadece 1 ay veya 6 ay Ã¼ye oluyorsun ne anlamÄ± kaldÄ± o zmn paket almanÄ±n kardeÅŸim senelik yapÄ±n olsun bitsin ya uÄŸraÅŸtÄ±ÄŸÄ±mÄ±z gerildiÄŸimiz ÅŸeylere bak #Turkcell 
@Turkcell
 @TurkcellHizmet",,,,2
atakanxa_,@Atixchavo,2020-10-10T00:05:50.000Z,"Turkcell den yeni paket aldÄ±m eski paketim bitti amk 100 gb 59 tl diyor sende 708 tl yapÄ±yor aldÄ±m Ã¶n bildirim geldi fakat pakete baktÄ±ÄŸÄ±mda aylÄ±k diyor aylÄ±k paket ve yÄ±llÄ±k paket olayÄ± beni bitiricek saÃ§malÄ±k resmen inÅŸallah yÄ±llÄ±ktÄ±r bu olay #Turkcell 
@Turkcell
 @TurkcellHizmet",,2,,2
Pandamio,@Pandamio5,2020-10-09T23:19:40.000Z,"@Turkcell
  30 gÃ¼n geÃ§erli olan Paketi niye 4 hafta (28) gune dusurdunuz ?? 
Yil bazinda hesaplasan yuzde kaÃ§ kÃ¢rÄ±nÄ±z var ? 10 mu kac kullaniciniz var carp 10 la !!!!

AyÄ±p AyÄ±p!!!!

#Turkcell",,1,,
tarihebendenbirnot,@tarihebendennot,2020-10-09T21:20:31.000Z,"Replying to 
@TurkcellHizmetne kadar daha  kisa halen donus yok? pardonda bozuk urun gonderip yenisi ile degistireceginize utanmadan servise gonderip 21 is gunu bekletiyorsunuz ki 21 gun gecti coktan  birde bunu normal birseymis gibi cevap olarak yaziyorsunuz.parasini  cekmeyin vermediÄŸiniz urunun #Turkcell",,1,,
CÃ¼neyt AYDIN,@CneytAYDIN10,2020-10-09T20:36:06.000Z,"Bir kurum yok ki iÃ§i Ã§Ã¼rÃ¼mÃ¼ÅŸ olmasÄ±n. 
#turkcell
#tffQuote Tweet
Cumhuriyet
@cumhuriyetgzt
 Â· Oct 9
Fatih AltaylÄ±: RÄ±dvan sustu, ben aÃ§Ä±klayacaÄŸÄ±m!
https://cumhuriyet.com.tr/haber/fatih-altayli-ridvan-sustu-ben-aciklayacagim-1772447â€¦",,,,
bÃ¼lent tuncay,@bulenttuncay,2020-10-09T12:38:09.000Z,"Fatih AltaylÄ±, RÄ±dvan Dilmenâ€™in aÃ§tÄ±ÄŸÄ± dosyanÄ±n takipÃ§isi oldu: Spor mafyasÄ± sessizlik anlaÅŸmasÄ± yaptÄ±! Bir futbol adamÄ± o dÃ¶nem Turkcellâ€™den 20 milyon TL talep etti #turkcell #fatihaltaylÄ± #rÄ±dvandilmen 

https://futbolmedya.com/fatih-altayli-ridvan-dilmenin-actigi-dosyanin-takipcisi-oldu-spor-mafyasi-sessizlik-anlasmasi-yapti-bir-futbol-adami-o-donem-turkcellden-20-milyon-tl-talep-etti/â€¦ 
@futbolmedya
 aracÄ±lÄ±ÄŸÄ±yla",,1,4,7
Sema...,@KaragozSe,2020-10-09T12:17:55.000Z,"@duraganizotop
 Slmm... Bende TÃ¼rk Telekom'a geÃ§mek istiyordum. 
Her yerden Ã§ekiyor mu? Ä°nternet Ã§ekiyor mu? ArtÄ±k #Turkcell beni Ã¼zdÃ¼, internet ve hat Ã§ok yerden Ã§ekmiyor. AltyapÄ± iyi deÄŸil.  Fikrinizi alabilir miyim?",,1,,
Necdet ARICI,@NecdetArici,2020-10-09T12:13:31.000Z,Yazar Fatih Soldu yazÄ± yazÄ±yordu.#ajan #casussenarist #Turkcell #sapÄ±kreklamajanslarÄ± #fenerbahÃ§e #ÅŸeytan #kriptoparalelmedyaÃ§etelerimafyasÄ± #boktandizilerveprogramlar  #9ekimdÃ¼nyakahkahagÃ¼nÃ¼ #yeÅŸilsermaye #beyazsermaye #receptayyiperdoÄŸan #ibrahimtatlÄ±ses #Asena #ismailkÃ¼Ã§Ã¼kkaya,,,,
Necdet ARICI,@NecdetArici,2020-10-09T12:06:20.000Z,Yazar Fatih Soldu yazÄ± yazÄ±yordu. #casussenarist #Turkcell #sapÄ±kreklamajanslarÄ± #fenerbahÃ§e #ÅŸeytan #kriptoparalel #medyaÃ§etelerimafyasÄ± #boktandizilerveprogramlar  #9ekimdÃ¼nyakahkahagÃ¼nÃ¼ #yeÅŸilsermaye #beyazsermaye #receptayyiperdoÄŸan   #ibrahimtatlÄ±ses #ismailkÃ¼Ã§Ã¼kkaya #aliÅŸan,,,,
SEDEF NUR MERVE Ã–ZBEK,@Sedefrex,2020-10-09T12:04:22.000Z,"Replying to 
@TurkcellHizmetNeyin mÃ¼ÅŸteri numarasÄ± ? Adres bilgileri yanlÄ±ÅŸ yazÄ±yorlar sonra tekrar gÃ¶rÃ¼ÅŸme yapÄ±yoruz , yine bir sonuÃ§ yok. Az Ã¶nce aradÄ±m. Adres yanlÄ±ÅŸlÄ±ÄŸÄ± Ä°Ã§in askÄ±ya alÄ±ndÄ±, tekrar baÅŸvuru yapÄ±lmasÄ± gerek deniliyor. Bu nasÄ±l bir hizmet ya #Turkcell #turkcellozurdile 
@TurkcellHizmet",,1,,
Mehmet AkgÃ¼nlÃ¼,@mehmetakgunlu_,2020-10-09T11:33:32.000Z,"Replying to 
@TurkcellHizmetKapsama alanÄ± ÅanlÄ±urfa tamamÄ±nda Ã§ekmiyor,siz ekiplerinize sÃ¶yleyin ÅanlÄ±urfaâ€™da #Turkcell Ã§Ã¶kmÃ¼ÅŸ .. 
@Murat__Erkan
  @Turkcell",,1,,
Hasan ELAÃ‡MAZ,@hasanelacmaz,2020-10-09T10:52:42.000Z,Bir takÄ±m toplantÄ±lar #Turkcell,,,,1
Emel,@Emel944,2020-10-09T10:36:47.000Z,"Bu internetle , Turkiye nasil bu kadar aktif sosyal medyada hic anlamiyorum , Her an leptobu telefonu bir yere atabilirim , Internet cok kotu ya... Yil 2008 resnen windows XP senelerime geri dondum... #Turkcell",,,,15
Emel,@Emel944,2020-10-09T10:29:58.000Z,"3Mbps Internet hizi nedir... 12Mb dosya 15 dk indiriyosun Yemin ederim bulgaristanda bana bu hizi verseniz , sozlesme falan dinlemem atarim cihazi terastan ,hic sozlesmeyi fesetmek icin bile musteri hizmetlerini aramam... Bu dolandiricik ta degil dalga gecmek resmen... #turkcell",,,,14
Ä°brahim KURT,@ibrhim_kurt,2020-10-09T10:25:40.000Z,"Replying to 
@GalatasaraySKSenin iÃ§in, deplasmana gider gece parkta bile yatarÄ±m.
Ama bana #Turkcell deme!",,,,3
Galatasaray SK,@GalatasaraySK,2020-10-09T10:18:06.000Z,"#Turkcell Åampiyon paketliler EylÃ¼lâ€™de 6,2 GB kazandÄ±! Sen de GalatasarayÄ±mÄ±za destek olurken; her galibiyetimizde gÃ¼nlÃ¼k 1 GB, GollerCepte indirerek her golÃ¼mÃ¼zde haftalÄ±k 200 MB kazanmak iÃ§in GS9 yazÄ±p 2200'a gÃ¶nder, ayda 9 TL'ye Åampiyon paketini al! #GSDestek",,35,79,3.5K
Osman C. GÃ¼zer,@osmanguzer,2020-10-09T10:00:14.000Z,"Promosyon(!), mÃ¼ÅŸterilerinizi dayattÄ±ÄŸÄ±nÄ±z seÃ§eneklere tutsak etmek olmamalÄ±. Etik / kullanÄ±cÄ± dostu Ã§Ã¶zÃ¼mler!! KazandÄ±ÄŸÄ±m GBâ€™yi istediÄŸim gibi kullanma Ã¶zgÃ¼rlÃ¼ÄŸÃ¼ mesela. 10 GB nasÄ±l Whatsappâ€™da bitirilebilir? ArtÄ±k kendinize gelin 
 #turkcell #tÃ¼rkiye 
@Turkcell
 @TurkcellHizmetThe following media includes potentially sensitive content. Change settings
View",,,,
Ã–mer Faruk,@omer_faruk_30,2020-10-09T09:58:11.000Z,RÃ¼yamda telefon faturasÄ± Ã¶dÃ¼yordum manyak ettin beni #turkcell,,1,,10
ysmn,@a_yasem,2020-10-09T08:21:53.000Z,"Kalbimi kazandÄ±n  
 #Turkcell",â¤,3,,1
1kubos1,@utkun_kubra,2020-10-09T07:52:42.000Z,"Yeni gelen mÃ¼ÅŸterilerimize Ã¶zel 
#Turkcell #Gaziantep",ğŸ¥ ğŸ¤©,,,4
Eda Ozturk,@klnpskedaozturk,2020-10-09T07:50:43.000Z,"Replying to 
@TTDestekMerhabalar, 3 haftadir yasadiklarimin ardindan dunku randevuya da hic kimse gelmeyince artik ttnet ile calismamaya karar verdim. #ttnet #ttnetsikayet #Turkcell",,1,,1
nzltncy,@nnaztncy,2020-10-09T07:41:12.000Z,"Benim gibi bu ÅŸekilde sÃ¼rekli aranan var mÄ± acaba ??
#cuma
#turkcellThe following media includes potentially sensitive content. Change settings
View",ğŸŒ¼,2,,11
Erman AkyÃ¼z Brueggen,@ali_erman,2020-10-09T07:33:53.000Z,"TaahhÃ¼t bitiyor diye beni seÃ§ime zorlayan #Turkcell ÅŸimdi de yeni taahhÃ¼tÃ¼ kampanya bitmeden 2 gÃ¼n Ã¶nce yaptÄ±ÄŸÄ±m iÃ§in beni cezalandÄ±rÄ±yor. Åaka mÄ±sÄ±n 
@TurkcellHizmet
 ",â“ â“,2,1,
DeliyimKiBen...,@GamzeGulhan,2020-10-09T07:30:45.000Z,"#AklÄ±mdakiEnDeliSorular
TaahhÃ¼tÃ¼m bittiÄŸi gÃ¼n mÃ¼ kapatma iÅŸlemini baÅŸlamalÄ±yÄ±m..?
Ertesi gÃ¼n yapsam 1 aylÄ±k zamlÄ± fatura bedelini mi Ã¶derim..?
TaahhÃ¼t bitmeden Ã¶nce baÅŸlatsam ne olur..?
#Turkcell #Superonline",,5,132,250
neslim osmanlÄ±,@rkarabayir,2020-10-09T07:21:12.000Z,"Replying to 
@iletisim
 and 
@fahrettinaltunSayÄ±n baÅŸkanÄ±m #turkcell #Vodafone #tuerktelekom  alt yapÄ± 000000 bi el atÄ±n ÅŸeytan 
 Ã¼Ã§geni eviriyor Ã§eviriyorlar 4. OperatÃ¶r ÅŸart",ğŸ‘¿,,,
Hakan YanÄ±k,@hknynk41,2020-10-09T06:32:25.000Z,#Turkcell Sen 2 haftadÄ±r neler yapÄ±yorsun 2 haftada 50 GB hediye,,,,15
Emel Solmaz,@emlmrzazrersn,2020-10-09T05:50:52.000Z,"GÃ¶zÃ¼mde canlanÄ±r koskoca mazi 
 #muhabbetkart #Turkcell",ğŸ˜‚,,,1
YÃ¼ksek P.D. mdemireL,@CahilEmmi,2020-10-08T22:36:39.000Z,"KaÃ§ senelik kullanÄ±cÄ±yÄ± ilk defa bÃ¶yle birÅŸeyle karÅŸÄ±laÅŸtÄ±m.. 
#Turkcell #SallaKazan #10GB",,1,,21
Mustafa,@Themustf00,2020-10-08T22:13:19.000Z,"Turkcell sen bi harikasÄ±n tekrar teÅŸekkÃ¼rler. MÃ¼kemmel 
 #Turkcell ",ğŸ‘ ğŸ‘Œ ğŸ’• ğŸ’,1,,1
"Ã–ÅK (Ã–neri ve Åikayet Kutusu)
#MaskeniTak",@fisiltivar,2020-10-08T21:40:45.000Z,"Replying to 
@izmir_ilmem
 @menderesmeb
 and 4 others#Turkcell in gecen yÄ±l okul yÃ¶neticilerinin eÄŸitimi iÃ§in baÄŸÄ±ÅŸladÄ±ÄŸÄ± 400 bin TL ne oldu. Ondan haber yokmu hÃ¢lÃ¢ Ã–mer bey il mÃ¼dÃ¼rÃ¼ ya bu paranÄ±n akÄ±betini arastirmiyacakmi kim ne etti bu parayÄ± bir araÅŸtÄ±rma komisyonu kuruldumu? Netice ne kamuoyuna bilgi verildimi? 
@kamudanhaber",ğŸ˜·,,,
Abdulkadir Honca,@honcakadir,2020-10-08T21:34:50.000Z,"Seni her gÃ¼n daha Ã§ok seviyorum ardarda iki hafta 10 GB vermek ne demek seni seviyorum #Turkcell 
TeÅŸekkÃ¼rler 
@TurkcellHizmet
 ",ğŸ˜ ğŸ˜ ğŸ˜ ğŸ˜ ğŸ˜ ğŸ˜ ğŸ˜ ğŸ˜ ğŸ˜ ğŸ˜ ğŸ˜ ğŸ˜ ğŸ˜ ğŸ˜ ğŸ˜ ğŸ˜ ğŸ˜ ğŸ˜ ğŸ˜ ğŸ˜ ğŸ˜ ğŸ˜ ğŸ˜ ğŸ˜ ğŸ˜ ğŸ˜ ğŸ˜ ğŸ˜ ğŸ˜ ğŸ˜ ğŸ‘ ğŸ‘ ğŸ‘ ğŸ‘ ğŸ‘ ğŸ‘ ğŸ‘ ğŸ‘ ğŸ‘ ğŸ‘ ğŸ‘ ğŸ‘ ğŸ‘ ğŸ‘,,,
Ali Ã–zÃ§elik,@alimozclk,2020-10-08T21:11:10.000Z,Sende olmasan #Turkcell ,ğŸ™ ğŸ˜ ğŸ˜,2,,2
Rsl_44,@resulkorkunc,2020-10-08T17:34:36.000Z,"Eski gÃ¼cÃ¼nde deÄŸilsin,fiyatlari makul seviyeye Ã§ekin...
YÄ±llardÄ±r senden ayriyim
#Turkcell",ğŸ˜,,,
metin ipek,@metinipek02,2020-10-08T16:45:50.000Z,#Turkcell kac kere aradim paketimi dusurmek icin sorun varmÄ±ÅŸ palan pilan illa baska operatoremi geÃ§elim,,1,,2
Ä°smail MeneviÅŸ,@MenevisIsmail,2020-10-08T16:37:35.000Z,"Replying to 
@takasmatik2#Turkcell teÅŸekkÃ¼rler",,,,
Mehmet AkgÃ¼nlÃ¼,@mehmetakgunlu_,2020-10-08T16:03:09.000Z,". 
@Turkcell
 â€˜le kop hayattan diye deÄŸiÅŸtirmeli #Turkcell Reklam mÃ¼ziÄŸini. Turkcell ÅanlÄ±urfaâ€™da resmen Ã§Ã¶ktÃ¼ hiÃ§bir yerde doÄŸru dÃ¼zgÃ¼n Ã§ekmiyor.. 
@Murat__Erkan",,3,,4
MÃ¼berra,@aminemuberra,2020-10-08T15:58:27.000Z,"Bir haftada 34gb+50â‚º internet aÅŸÄ±mÄ± yapan canÄ±m ciÄŸerim  sevgili halam halam canÄ±m halam.
Sen nerenin  prensesi zannediyorsun kendini.
#Turkcell  sen tam bir insan kazÄ±klama hattÄ±sÄ±n, halamda sizin best mÃ¼ÅŸteriniz...",ğŸ‘¸,,,4
MeloÅŸ can'Ä±m,@ozdmir_melike,2020-10-08T15:46:28.000Z,"Replying to 
@TurkcellHizmetYok gÃ¶ndermeyeceÄŸim. Ã‡Ã¼nkÃ¼ yapmÄ±yorsunuz #Turkcell",ğŸ¨,,,
MeloÅŸ can'Ä±m,@ozdmir_melike,2020-10-08T15:30:43.000Z,"Replying to 
@TurkcellHizmetGerek be #turkcell dÃ¼zeleceÄŸini sanmÄ±yorum artÄ±k. Ben aramaktan bÄ±ktÄ±m Ã§Ã¼nkÃ¼ ve aradÄ±ÄŸÄ±m halde de dÃ¼zelmiyor bu yÃ¼zden bende yoluna giderim... sizden ayrÄ±lacaÄŸÄ±m en kÄ±sa zamanda. #turkcell zor zamanda yanÄ±mÄ±zda olmadÄ±nÄ±z. Hele ki ÅŸu pandemi sÃ¼recinde ASLA!",ğŸ¨,1,,
NAGEHAN KOCABAÅ,@NAGEHANKOCABAS,2020-10-08T14:53:13.000Z,Hani daÄŸda bayÄ±rda ovada baÄŸÄ±ydÄ±k valla 1 haftadÄ±r Ankara da baÄŸlanamadÄ±k neden acaba #turkcell #turkcelmusterihizmetleri #turkcellÃ¶zÃ¼rdile,,1,,
NAGEHAN KOCABAÅ,@NAGEHANKOCABAS,2020-10-08T14:51:35.000Z,"Bir eve internet baÄŸlamak ne kadar zor olabilirki
MÃ¼ÅŸteri hizmetleri iÅŸlem yapamÄ±yor neden sabahtan beri kendi altyapÄ±sÄ± bozuk her aramaya bir veya yarim saat sonra dÃ¶nÃ¼ÅŸ yapÄ±n deniyor altÄ± Ã¼stÃ¼ bir ariza kaydÄ±.   
#turkcell",,,,1
EMRE,@EMRENHALNESMA1,2020-10-08T12:49:49.000Z,#TÃ¼rktelekom yaÄŸmurlu havalar da internet Ã§ekmiyor. TV DEN Ä°NTERNETE BAÄLANIYORUM Ã‡EKMÄ°YOR. #Turkcell sen hiÃ§ konuÅŸma iphone x den film izliyim diyorum sende ki internet hiÃ§ Ã§ekmiyor. VerdiÄŸimiz paralar haram olsun. #Ispartakule #AvcÄ±lar,,3,,
Adem AbdioÄŸlu,@AbdiogluAdem,2020-10-08T12:17:10.000Z,"#Turkcell
@Turkcell
 
 
@VodafoneTR
 
@TurkTelekomQuote Tweet
AKP Ã‡ocuklarÄ±
@AkpCocuklari
 Â· Oct 7
AradÄ±ÄŸÄ±mÄ±z kiÅŸiye ÅŸu an ulaÅŸÄ±lamÄ±yor mu? @Turkcell @VodafoneTR @TurkTelekom twitter.com/AkpCocuklari/sâ€¦",,,,
TheLadyisÅeri,@SeribanAlic,2020-10-08T10:16:39.000Z,"â€œ532â€ yani sayÄ±n Turkcell Ã§aldÄ±rÄ±p kapatmak nedir ya bu kadar mÄ± dÃ¼ÅŸtÃ¼nÃ¼z karÅŸimm 
 @Turkcell
 
#Turkcell",ğŸ˜‚,,,4
MeloÅŸ can'Ä±m,@ozdmir_melike,2020-10-08T09:41:09.000Z,"Evet turkcell  mÃ¼ÅŸteri hizmetleriyle yakÄ±nen baya baya arkadaÅŸ oldum. GÃ¼nde 3 kere aramak farz oldu Ã§Ã¼nkÃ¼ o yÃ¼zden aramÄ±z sÄ±kÄ± fÄ±kÄ±... merak etmesin yakÄ±nda bu sona erecek hjhjhj 
#Turkcell",ğŸ¨,1,,8
S.E,@suummeye,2020-10-08T09:39:44.000Z,"TÃ¼rk Telekom'a geÃ§iyim diye dÃ¼ÅŸÃ¼nÃ¼yorum Ã§eker mi acaba? Turkcell'e fazla para vermekten ciÄŸerim soldu
 #tÃ¼rktelekom
#Turkcell",ğŸ˜©,3,,1
Yasemin ÅaÅŸmaz,@Yasyasem0,2020-10-08T08:28:12.000Z,TeÅŸekkÃ¼rler internet hediyesi felan olsa daha gÃ¼zel olurdu #Turkcell,,1,,6
ÃœMÄ°T,@serdar4umit,2020-10-08T08:08:51.000Z,"#turkcell Quote Tweet
DÃ¼nya Gazetesi
@dunya_gazetesi
 Â· Oct 8
Turkcell'den tersine beyin gÃ¶Ã§Ã¼ne destek https://dunya.com/sirketler/turkcellden-tersine-beyin-gocune-destek-haberi-484519â€¦",,,,
parmaÄŸÄ±mda gÃ¶zÃ¼m var,@tncer7,2020-10-08T06:54:09.000Z,"Mobil operatÃ¶rlerin faturasÄ±z hatlarda eskiden aylÄ±k(30 gun) olan paketleri Ã§aktÄ±rmadan 4 haftaya/28 gÃ¼n [4*7(1hafta)] dÃ¼ÅŸÃ¼rmesi olayÄ±nÄ± mutlaka gÃ¼ndem yapmalÄ±yÄ±z 
#Turkcell 'de bÃ¶yle diÄŸer operatÃ¶rlerde de bÃ¶yle",,,,
"kaptan,marsda inicem",@fsh77,2020-10-08T06:53:43.000Z,"Mobil operatÃ¶rlerin faturasÄ±z hatlarda eskiden aylÄ±k(30 gun) olan paketleri Ã§aktÄ±rmadan 4 haftaya/28 gÃ¼n [4*7(1hafta)] dÃ¼ÅŸÃ¼rmesi olayÄ±nÄ± mutlaka gÃ¼ndem yapmalÄ±yÄ±z 
#Turkcell 'de bÃ¶yle diÄŸer operatÃ¶rlerde de bÃ¶yle",,,,
Ã–zlem,@ozlmny,2020-10-08T06:13:49.000Z,"Replying to 
@furkibasayevO zaaaamaaan yazÄ±klar olsun #Turkcell shhshshd",,,,1
Pozitif Ä°Ã§erik,@pozitificerik,2020-10-07T23:27:00.000Z,"EBA Ne Kadar Ä°nternet HarcÄ±yor?: #EBA #MEB #Ä°nternet #Vodafone #Turkcell #TurkTelekomEBA Ne Kadar Ä°nternet HarcÄ±yor? - Pozitif Ä°Ã§erik
Bu gÃ¼n sizlere gÃ¼ndemdeki konular kategorisinde EBA Ne Kadar Ä°nternet HarcÄ±yor? EBA ders baÅŸÄ± kaÃ§ GB internet tÃ¼ketiyor bunun cevabÄ±nÄ± verdik. YazÄ±mÄ±zÄ±
pozitificerik.com",,,,
selman,@yldrmrselman,2020-10-07T20:45:03.000Z,#turkcell bÃ¶yle superbox baÄŸlantÄ± hÄ±zÄ± mi olur,,1,,
boÅŸlook,@gne70207750,2020-10-07T20:19:02.000Z,Dikkat edin ! Bu ara Ä°nstagram da tanÄ±dÄ±ÄŸÄ±nÄ±z insanlardan tuhaf mesajlar alÄ±rsanÄ±z hemen atlayÄ±p inanmayÄ±nÄ±z. Milletin hesabÄ±nÄ± ele geÃ§irip sanki onlarmÄ±ÅŸ gibi size mesaj atÄ±p 3 operatÃ¶rÃ¼n (#turkcell #vodefone #turktelekom ) #evdekal,,1,,
Ali DOÄAN,@ali_dogan_55,2020-10-07T19:08:15.000Z,"Replying to 
@TcellPlatinumgorecez bakalim ayriliyormuyum, yoksa size ve mantiksiz uygulamalariniza, goz mu yumuyorum #turkcell",,,,
Ali DOÄAN,@ali_dogan_55,2020-10-07T18:53:01.000Z,"Replying to 
@TcellPlatinumsurekli ayni seyleri tekrar etme #Turkcell . en kisa zamanda baska operatore gececegime, her yerde de sizin reklaminizi yapacagima soz veriyorum!",,1,,
Ali DOÄAN,@ali_dogan_55,2020-10-07T18:39:38.000Z,"Replying to 
@TcellPlatinumnumarayi gonderdigim halde hala dÃ¶nÃ¼ÅŸ yapmayip, cozum Ã¼retemeyen #Turkcell sozde kaliteli hizmet, sadece ruzgarsin 
@Turkcell",,1,,
Ali DOÄAN,@ali_dogan_55,2020-10-07T18:23:21.000Z,"Replying to 
@Turkcellsozde platinum cagri merkezini arasigimizda iletisim kurmayi bile beceremeyen, programli robot gibi ayni seyleri tekrar eden, hizmet kalitesinde gozumde kocaman 0 almis #Turkcell. bu arada #vodafone den de ozur dilerim gidip bunlara hattimi taÅŸÄ±dÄ±ÄŸÄ±m icin 
@VodafoneTR",,,,1
Ali DOÄAN,@ali_dogan_55,2020-10-07T18:20:27.000Z,"Replying to 
@TcellPlatinummusterilerin ile iletisim kurmayi dahi beceremeyen sozde platinum. benden kocaman bir sifir aldin #Turkcell",,,,
Ali DOÄAN,@ali_dogan_55,2020-10-07T18:18:26.000Z,"@Turkcell
 @TcellPlatinum
 her ay 5gb kullandÄ±ÄŸÄ±m internetimi bu ay 12 GB kullandin diye kesiyorsunuz, sozde platinum musteri hiz. baÄŸlanÄ±yorum itiraz kabul etmeyip, uygulamadan bak diyorsun, uygulamada hata veriyorsun. iletisiminde, hizmetinde kocaman 0 #Turkcell",,1,,
Ä°smail MeneviÅŸ,@MenevisIsmail,2020-10-07T16:08:13.000Z,"Replying to 
@takasmatik2#Turkcell teÅŸekkÃ¼rler.",,,,
neslim osmanlÄ±,@rkarabayir,2020-10-07T15:28:27.000Z,"Replying to 
@varankGSM operatÃ¶rlerine bir el atsanÄ±z sayÄ±n bakanÄ±m #turkcell #Vodafone #tuerktelekom ÅŸeytan Ã¼Ã§geni Vodafone Ä°stanbulâ€™un gÃ¶beÄŸinde Ã§ekmiyor 1 GB internet 20 TL olur mu",,,,
zugasibozo,@tolikapca8073,2020-10-07T13:56:24.000Z,"#Turkcell KafayÄ± yedin herhalde 
 ;paket fiyatlarÄ± ne Ã¶yle!?",ğŸ˜,,,
"B Ä° R O L
53",@iceberg1907fb,2020-10-07T11:45:21.000Z,"@Turkcell
 @GlobalBilgi
 @etuketici
 @aydinagaoglu
 @TurkcellHizmet
  mevcut kullandÄ±ÄŸÄ±m hattÄ±m simkart hatasÄ±ndan 30gÃ¼ndÃ¼r kapalÄ± 532 muÅŸteri hizmetleri her arÄ±dÄ±ÄŸÄ±mda yeni kayÄ±t aÃ§Ä±p 48 saat sÃ¼re veriyor. #Turkcell 532 Rezalet. 
@TuketiciBasvuru
 @VodafoneTR
 ara",,1,1,1
HilÃ¢l,@Hilalim_ben,2020-10-07T11:15:06.000Z,"Sevgili #Turkcell 
Ev interneti iÃ§in sizi tercih etmekle hata etmiÅŸim. Cayma bedelinizle zorla tutmaya Ã§alÄ±ÅŸmanÄ±z da ayrÄ± bir rezalet. 
MÃ¼mkÃ¼nse hayata siz de baÅŸka bir operatÃ¶rle baÄŸlanÄ±n :)",,,,
Tugce Senem,@tugcesenemm,2020-10-07T10:36:53.000Z,"1 sene Ã¶nce hattÄ±mÄ± #Turkcell den #vodafone taÅŸÄ±mÄ±ÅŸtÄ±m tarifem bitmiÅŸ galiba, ÅŸimdi Vodafone girdiÄŸim numaramda abone deÄŸilsiniz diyor. Turkcell de kabul etmiyor. P.. gibi ortada kaldÄ±m. Help me ",ğŸ¥,,,2
prenses ama pamuk deÄŸiill,@yaw_he_tamam,2020-10-07T10:09:25.000Z,Bir gÃ¼n buraya #tÃ¼rktelekom a geÃ§tim diye tweet atÄ±cam. #Turkcell ÅŸu internete bir Ã§Ã¶zÃ¼m bul artÄ±k,,4,,21
Nevra DeÄŸer,@sevimli_sahis65,2020-10-07T10:01:05.000Z,"#Turkcell 
Kampanyalarda bu ay",ğŸ¤©,,,3
